,y,yhat,model
0,11,9,roberta-large
1,11,12,roberta-large
2,11,11,roberta-large
3,11,11,roberta-large
4,11,66,roberta-large
5,11,11,roberta-large
6,11,11,roberta-large
7,11,38,roberta-large
8,11,48,roberta-large
9,11,11,roberta-large
10,11,43,roberta-large
11,11,67,roberta-large
12,11,11,roberta-large
13,11,51,roberta-large
14,11,11,roberta-large
15,11,11,roberta-large
16,11,11,roberta-large
17,11,11,roberta-large
18,11,66,roberta-large
19,11,11,roberta-large
20,11,40,roberta-large
21,11,13,roberta-large
22,11,11,roberta-large
23,11,11,roberta-large
24,11,11,roberta-large
25,11,11,roberta-large
26,11,52,roberta-large
27,11,45,roberta-large
28,11,11,roberta-large
29,11,11,roberta-large
30,11,11,roberta-large
31,11,11,roberta-large
32,11,11,roberta-large
33,11,11,roberta-large
34,11,11,roberta-large
35,11,11,roberta-large
36,11,52,roberta-large
37,11,11,roberta-large
38,11,11,roberta-large
39,11,11,roberta-large
40,13,13,roberta-large
41,13,0,roberta-large
42,13,13,roberta-large
43,13,13,roberta-large
44,13,13,roberta-large
45,13,13,roberta-large
46,13,13,roberta-large
47,13,13,roberta-large
48,13,13,roberta-large
49,13,13,roberta-large
50,13,13,roberta-large
51,13,13,roberta-large
52,13,13,roberta-large
53,13,13,roberta-large
54,13,0,roberta-large
55,13,13,roberta-large
56,13,13,roberta-large
57,13,13,roberta-large
58,13,0,roberta-large
59,13,13,roberta-large
60,13,13,roberta-large
61,13,38,roberta-large
62,13,13,roberta-large
63,13,13,roberta-large
64,13,13,roberta-large
65,13,13,roberta-large
66,13,20,roberta-large
67,13,13,roberta-large
68,13,0,roberta-large
69,13,40,roberta-large
70,13,13,roberta-large
71,13,37,roberta-large
72,13,13,roberta-large
73,13,13,roberta-large
74,13,21,roberta-large
75,13,13,roberta-large
76,13,13,roberta-large
77,13,13,roberta-large
78,13,13,roberta-large
79,13,39,roberta-large
80,32,32,roberta-large
81,32,32,roberta-large
82,32,32,roberta-large
83,32,32,roberta-large
84,32,32,roberta-large
85,32,32,roberta-large
86,32,32,roberta-large
87,32,32,roberta-large
88,32,32,roberta-large
89,32,76,roberta-large
90,32,76,roberta-large
91,32,32,roberta-large
92,32,32,roberta-large
93,32,64,roberta-large
94,32,32,roberta-large
95,32,32,roberta-large
96,32,32,roberta-large
97,32,32,roberta-large
98,32,32,roberta-large
99,32,32,roberta-large
100,32,32,roberta-large
101,32,32,roberta-large
102,32,32,roberta-large
103,32,32,roberta-large
104,32,32,roberta-large
105,32,32,roberta-large
106,32,76,roberta-large
107,32,32,roberta-large
108,32,32,roberta-large
109,32,32,roberta-large
110,32,32,roberta-large
111,32,32,roberta-large
112,32,17,roberta-large
113,32,32,roberta-large
114,32,32,roberta-large
115,32,32,roberta-large
116,32,32,roberta-large
117,32,32,roberta-large
118,32,17,roberta-large
119,32,32,roberta-large
120,17,17,roberta-large
121,17,17,roberta-large
122,17,17,roberta-large
123,17,17,roberta-large
124,17,17,roberta-large
125,17,17,roberta-large
126,17,17,roberta-large
127,17,17,roberta-large
128,17,17,roberta-large
129,17,17,roberta-large
130,17,17,roberta-large
131,17,17,roberta-large
132,17,76,roberta-large
133,17,17,roberta-large
134,17,17,roberta-large
135,17,17,roberta-large
136,17,17,roberta-large
137,17,17,roberta-large
138,17,63,roberta-large
139,17,17,roberta-large
140,17,17,roberta-large
141,17,17,roberta-large
142,17,17,roberta-large
143,17,17,roberta-large
144,17,17,roberta-large
145,17,76,roberta-large
146,17,17,roberta-large
147,17,17,roberta-large
148,17,17,roberta-large
149,17,76,roberta-large
150,17,17,roberta-large
151,17,17,roberta-large
152,17,17,roberta-large
153,17,17,roberta-large
154,17,17,roberta-large
155,17,17,roberta-large
156,17,32,roberta-large
157,17,17,roberta-large
158,17,17,roberta-large
159,17,17,roberta-large
160,34,34,roberta-large
161,34,34,roberta-large
162,34,16,roberta-large
163,34,34,roberta-large
164,34,16,roberta-large
165,34,52,roberta-large
166,34,20,roberta-large
167,34,34,roberta-large
168,34,34,roberta-large
169,34,34,roberta-large
170,34,34,roberta-large
171,34,34,roberta-large
172,34,67,roberta-large
173,34,70,roberta-large
174,34,34,roberta-large
175,34,34,roberta-large
176,34,34,roberta-large
177,34,34,roberta-large
178,34,34,roberta-large
179,34,34,roberta-large
180,34,34,roberta-large
181,34,34,roberta-large
182,34,34,roberta-large
183,34,34,roberta-large
184,34,34,roberta-large
185,34,64,roberta-large
186,34,16,roberta-large
187,34,34,roberta-large
188,34,34,roberta-large
189,34,34,roberta-large
190,34,61,roberta-large
191,34,34,roberta-large
192,34,34,roberta-large
193,34,15,roberta-large
194,34,34,roberta-large
195,34,34,roberta-large
196,34,46,roberta-large
197,34,34,roberta-large
198,34,34,roberta-large
199,34,34,roberta-large
200,46,47,roberta-large
201,46,46,roberta-large
202,46,46,roberta-large
203,46,46,roberta-large
204,46,46,roberta-large
205,46,46,roberta-large
206,46,46,roberta-large
207,46,46,roberta-large
208,46,6,roberta-large
209,46,46,roberta-large
210,46,46,roberta-large
211,46,46,roberta-large
212,46,46,roberta-large
213,46,46,roberta-large
214,46,48,roberta-large
215,46,46,roberta-large
216,46,46,roberta-large
217,46,46,roberta-large
218,46,46,roberta-large
219,46,46,roberta-large
220,46,46,roberta-large
221,46,48,roberta-large
222,46,6,roberta-large
223,46,46,roberta-large
224,46,46,roberta-large
225,46,46,roberta-large
226,46,46,roberta-large
227,46,46,roberta-large
228,46,46,roberta-large
229,46,46,roberta-large
230,46,46,roberta-large
231,46,46,roberta-large
232,46,46,roberta-large
233,46,46,roberta-large
234,46,46,roberta-large
235,46,46,roberta-large
236,46,7,roberta-large
237,46,38,roberta-large
238,46,46,roberta-large
239,46,46,roberta-large
240,36,32,roberta-large
241,36,36,roberta-large
242,36,36,roberta-large
243,36,36,roberta-large
244,36,36,roberta-large
245,36,36,roberta-large
246,36,28,roberta-large
247,36,32,roberta-large
248,36,36,roberta-large
249,36,36,roberta-large
250,36,36,roberta-large
251,36,36,roberta-large
252,36,36,roberta-large
253,36,36,roberta-large
254,36,36,roberta-large
255,36,33,roberta-large
256,36,36,roberta-large
257,36,36,roberta-large
258,36,36,roberta-large
259,36,36,roberta-large
260,36,36,roberta-large
261,36,36,roberta-large
262,36,36,roberta-large
263,36,54,roberta-large
264,36,50,roberta-large
265,36,36,roberta-large
266,36,36,roberta-large
267,36,24,roberta-large
268,36,17,roberta-large
269,36,36,roberta-large
270,36,36,roberta-large
271,36,36,roberta-large
272,36,36,roberta-large
273,36,36,roberta-large
274,36,36,roberta-large
275,36,36,roberta-large
276,36,50,roberta-large
277,36,36,roberta-large
278,36,17,roberta-large
279,36,54,roberta-large
280,12,12,roberta-large
281,12,11,roberta-large
282,12,12,roberta-large
283,12,12,roberta-large
284,12,11,roberta-large
285,12,12,roberta-large
286,12,12,roberta-large
287,12,12,roberta-large
288,12,12,roberta-large
289,12,12,roberta-large
290,12,12,roberta-large
291,12,12,roberta-large
292,12,12,roberta-large
293,12,12,roberta-large
294,12,12,roberta-large
295,12,12,roberta-large
296,12,12,roberta-large
297,12,12,roberta-large
298,12,12,roberta-large
299,12,12,roberta-large
300,12,43,roberta-large
301,12,12,roberta-large
302,12,12,roberta-large
303,12,12,roberta-large
304,12,11,roberta-large
305,12,12,roberta-large
306,12,12,roberta-large
307,12,12,roberta-large
308,12,12,roberta-large
309,12,12,roberta-large
310,12,12,roberta-large
311,12,12,roberta-large
312,12,11,roberta-large
313,12,12,roberta-large
314,12,12,roberta-large
315,12,12,roberta-large
316,12,11,roberta-large
317,12,12,roberta-large
318,12,12,roberta-large
319,12,12,roberta-large
320,4,4,roberta-large
321,4,4,roberta-large
322,4,4,roberta-large
323,4,4,roberta-large
324,4,4,roberta-large
325,4,4,roberta-large
326,4,4,roberta-large
327,4,4,roberta-large
328,4,4,roberta-large
329,4,4,roberta-large
330,4,4,roberta-large
331,4,14,roberta-large
332,4,4,roberta-large
333,4,4,roberta-large
334,4,4,roberta-large
335,4,4,roberta-large
336,4,4,roberta-large
337,4,4,roberta-large
338,4,58,roberta-large
339,4,10,roberta-large
340,4,4,roberta-large
341,4,4,roberta-large
342,4,4,roberta-large
343,4,4,roberta-large
344,4,4,roberta-large
345,4,4,roberta-large
346,4,4,roberta-large
347,4,4,roberta-large
348,4,4,roberta-large
349,4,14,roberta-large
350,4,58,roberta-large
351,4,4,roberta-large
352,4,4,roberta-large
353,4,4,roberta-large
354,4,4,roberta-large
355,4,4,roberta-large
356,4,4,roberta-large
357,4,4,roberta-large
358,4,4,roberta-large
359,4,4,roberta-large
360,14,25,roberta-large
361,14,14,roberta-large
362,14,49,roberta-large
363,14,25,roberta-large
364,14,41,roberta-large
365,14,14,roberta-large
366,14,14,roberta-large
367,14,41,roberta-large
368,14,49,roberta-large
369,14,14,roberta-large
370,14,14,roberta-large
371,14,44,roberta-large
372,14,44,roberta-large
373,14,14,roberta-large
374,14,14,roberta-large
375,14,14,roberta-large
376,14,14,roberta-large
377,14,14,roberta-large
378,14,25,roberta-large
379,14,45,roberta-large
380,14,14,roberta-large
381,14,14,roberta-large
382,14,14,roberta-large
383,14,25,roberta-large
384,14,49,roberta-large
385,14,44,roberta-large
386,14,14,roberta-large
387,14,14,roberta-large
388,14,14,roberta-large
389,14,0,roberta-large
390,14,14,roberta-large
391,14,14,roberta-large
392,14,14,roberta-large
393,14,14,roberta-large
394,14,14,roberta-large
395,14,14,roberta-large
396,14,14,roberta-large
397,14,25,roberta-large
398,14,35,roberta-large
399,14,0,roberta-large
400,33,33,roberta-large
401,33,40,roberta-large
402,33,33,roberta-large
403,33,33,roberta-large
404,33,33,roberta-large
405,33,33,roberta-large
406,33,32,roberta-large
407,33,33,roberta-large
408,33,33,roberta-large
409,33,33,roberta-large
410,33,33,roberta-large
411,33,33,roberta-large
412,33,33,roberta-large
413,33,33,roberta-large
414,33,33,roberta-large
415,33,33,roberta-large
416,33,32,roberta-large
417,33,33,roberta-large
418,33,33,roberta-large
419,33,33,roberta-large
420,33,31,roberta-large
421,33,33,roberta-large
422,33,33,roberta-large
423,33,33,roberta-large
424,33,33,roberta-large
425,33,33,roberta-large
426,33,33,roberta-large
427,33,33,roberta-large
428,33,36,roberta-large
429,33,33,roberta-large
430,33,33,roberta-large
431,33,40,roberta-large
432,33,33,roberta-large
433,33,33,roberta-large
434,33,33,roberta-large
435,33,33,roberta-large
436,33,33,roberta-large
437,33,33,roberta-large
438,33,33,roberta-large
439,33,33,roberta-large
440,41,42,roberta-large
441,41,41,roberta-large
442,41,41,roberta-large
443,41,41,roberta-large
444,41,42,roberta-large
445,41,41,roberta-large
446,41,41,roberta-large
447,41,42,roberta-large
448,41,41,roberta-large
449,41,41,roberta-large
450,41,41,roberta-large
451,41,22,roberta-large
452,41,41,roberta-large
453,41,39,roberta-large
454,41,41,roberta-large
455,41,41,roberta-large
456,41,41,roberta-large
457,41,51,roberta-large
458,41,41,roberta-large
459,41,41,roberta-large
460,41,22,roberta-large
461,41,16,roberta-large
462,41,41,roberta-large
463,41,41,roberta-large
464,41,41,roberta-large
465,41,41,roberta-large
466,41,41,roberta-large
467,41,41,roberta-large
468,41,41,roberta-large
469,41,18,roberta-large
470,41,41,roberta-large
471,41,41,roberta-large
472,41,41,roberta-large
473,41,22,roberta-large
474,41,41,roberta-large
475,41,20,roberta-large
476,41,38,roberta-large
477,41,41,roberta-large
478,41,41,roberta-large
479,41,41,roberta-large
480,1,38,roberta-large
481,1,1,roberta-large
482,1,1,roberta-large
483,1,1,roberta-large
484,1,1,roberta-large
485,1,1,roberta-large
486,1,1,roberta-large
487,1,1,roberta-large
488,1,1,roberta-large
489,1,1,roberta-large
490,1,1,roberta-large
491,1,1,roberta-large
492,1,55,roberta-large
493,1,1,roberta-large
494,1,1,roberta-large
495,1,1,roberta-large
496,1,1,roberta-large
497,1,1,roberta-large
498,1,1,roberta-large
499,1,1,roberta-large
500,1,1,roberta-large
501,1,1,roberta-large
502,1,1,roberta-large
503,1,1,roberta-large
504,1,1,roberta-large
505,1,1,roberta-large
506,1,1,roberta-large
507,1,1,roberta-large
508,1,1,roberta-large
509,1,1,roberta-large
510,1,1,roberta-large
511,1,1,roberta-large
512,1,40,roberta-large
513,1,1,roberta-large
514,1,1,roberta-large
515,1,1,roberta-large
516,1,1,roberta-large
517,1,1,roberta-large
518,1,1,roberta-large
519,1,1,roberta-large
520,49,38,roberta-large
521,49,21,roberta-large
522,49,21,roberta-large
523,49,49,roberta-large
524,49,49,roberta-large
525,49,49,roberta-large
526,49,14,roberta-large
527,49,21,roberta-large
528,49,49,roberta-large
529,49,49,roberta-large
530,49,49,roberta-large
531,49,41,roberta-large
532,49,49,roberta-large
533,49,49,roberta-large
534,49,14,roberta-large
535,49,49,roberta-large
536,49,38,roberta-large
537,49,49,roberta-large
538,49,49,roberta-large
539,49,0,roberta-large
540,49,49,roberta-large
541,49,26,roberta-large
542,49,49,roberta-large
543,49,19,roberta-large
544,49,49,roberta-large
545,49,49,roberta-large
546,49,49,roberta-large
547,49,49,roberta-large
548,49,49,roberta-large
549,49,49,roberta-large
550,49,49,roberta-large
551,49,13,roberta-large
552,49,21,roberta-large
553,49,49,roberta-large
554,49,49,roberta-large
555,49,49,roberta-large
556,49,13,roberta-large
557,49,49,roberta-large
558,49,14,roberta-large
559,49,49,roberta-large
560,23,23,roberta-large
561,23,72,roberta-large
562,23,0,roberta-large
563,23,14,roberta-large
564,23,14,roberta-large
565,23,14,roberta-large
566,23,53,roberta-large
567,23,23,roberta-large
568,23,25,roberta-large
569,23,26,roberta-large
570,23,23,roberta-large
571,23,23,roberta-large
572,23,23,roberta-large
573,23,23,roberta-large
574,23,14,roberta-large
575,23,14,roberta-large
576,23,23,roberta-large
577,23,23,roberta-large
578,23,23,roberta-large
579,23,23,roberta-large
580,23,25,roberta-large
581,23,23,roberta-large
582,23,26,roberta-large
583,23,23,roberta-large
584,23,59,roberta-large
585,23,37,roberta-large
586,23,57,roberta-large
587,23,14,roberta-large
588,23,23,roberta-large
589,23,23,roberta-large
590,23,23,roberta-large
591,23,68,roberta-large
592,23,23,roberta-large
593,23,23,roberta-large
594,23,23,roberta-large
595,23,37,roberta-large
596,23,0,roberta-large
597,23,23,roberta-large
598,23,10,roberta-large
599,23,38,roberta-large
600,56,56,roberta-large
601,56,67,roberta-large
602,56,67,roberta-large
603,56,56,roberta-large
604,56,56,roberta-large
605,56,56,roberta-large
606,56,65,roberta-large
607,56,56,roberta-large
608,56,56,roberta-large
609,56,73,roberta-large
610,56,56,roberta-large
611,56,50,roberta-large
612,56,56,roberta-large
613,56,56,roberta-large
614,56,56,roberta-large
615,56,56,roberta-large
616,56,56,roberta-large
617,56,56,roberta-large
618,56,60,roberta-large
619,56,56,roberta-large
620,56,56,roberta-large
621,56,31,roberta-large
622,56,56,roberta-large
623,56,56,roberta-large
624,56,56,roberta-large
625,56,56,roberta-large
626,56,56,roberta-large
627,56,56,roberta-large
628,56,64,roberta-large
629,56,56,roberta-large
630,56,37,roberta-large
631,56,56,roberta-large
632,56,56,roberta-large
633,56,56,roberta-large
634,56,56,roberta-large
635,56,56,roberta-large
636,56,65,roberta-large
637,56,56,roberta-large
638,56,56,roberta-large
639,56,37,roberta-large
640,47,47,roberta-large
641,47,25,roberta-large
642,47,47,roberta-large
643,47,61,roberta-large
644,47,47,roberta-large
645,47,47,roberta-large
646,47,47,roberta-large
647,47,61,roberta-large
648,47,47,roberta-large
649,47,47,roberta-large
650,47,47,roberta-large
651,47,47,roberta-large
652,47,47,roberta-large
653,47,52,roberta-large
654,47,47,roberta-large
655,47,7,roberta-large
656,47,47,roberta-large
657,47,59,roberta-large
658,47,47,roberta-large
659,47,45,roberta-large
660,47,59,roberta-large
661,47,47,roberta-large
662,47,13,roberta-large
663,47,47,roberta-large
664,47,14,roberta-large
665,47,47,roberta-large
666,47,26,roberta-large
667,47,47,roberta-large
668,47,47,roberta-large
669,47,45,roberta-large
670,47,53,roberta-large
671,47,59,roberta-large
672,47,62,roberta-large
673,47,6,roberta-large
674,47,47,roberta-large
675,47,47,roberta-large
676,47,59,roberta-large
677,47,47,roberta-large
678,47,47,roberta-large
679,47,65,roberta-large
680,8,61,roberta-large
681,8,8,roberta-large
682,8,8,roberta-large
683,8,8,roberta-large
684,8,8,roberta-large
685,8,8,roberta-large
686,8,8,roberta-large
687,8,8,roberta-large
688,8,8,roberta-large
689,8,8,roberta-large
690,8,8,roberta-large
691,8,8,roberta-large
692,8,55,roberta-large
693,8,8,roberta-large
694,8,8,roberta-large
695,8,8,roberta-large
696,8,8,roberta-large
697,8,8,roberta-large
698,8,8,roberta-large
699,8,8,roberta-large
700,8,34,roberta-large
701,8,8,roberta-large
702,8,8,roberta-large
703,8,8,roberta-large
704,8,8,roberta-large
705,8,8,roberta-large
706,8,8,roberta-large
707,8,8,roberta-large
708,8,8,roberta-large
709,8,71,roberta-large
710,8,52,roberta-large
711,8,8,roberta-large
712,8,8,roberta-large
713,8,8,roberta-large
714,8,8,roberta-large
715,8,8,roberta-large
716,8,8,roberta-large
717,8,8,roberta-large
718,8,16,roberta-large
719,8,8,roberta-large
720,60,60,roberta-large
721,60,4,roberta-large
722,60,60,roberta-large
723,60,4,roberta-large
724,60,60,roberta-large
725,60,29,roberta-large
726,60,60,roberta-large
727,60,60,roberta-large
728,60,60,roberta-large
729,60,60,roberta-large
730,60,60,roberta-large
731,60,54,roberta-large
732,60,60,roberta-large
733,60,29,roberta-large
734,60,60,roberta-large
735,60,60,roberta-large
736,60,60,roberta-large
737,60,4,roberta-large
738,60,60,roberta-large
739,60,4,roberta-large
740,60,60,roberta-large
741,60,60,roberta-large
742,60,60,roberta-large
743,60,60,roberta-large
744,60,60,roberta-large
745,60,60,roberta-large
746,60,60,roberta-large
747,60,60,roberta-large
748,60,60,roberta-large
749,60,60,roberta-large
750,60,58,roberta-large
751,60,60,roberta-large
752,60,60,roberta-large
753,60,60,roberta-large
754,60,60,roberta-large
755,60,60,roberta-large
756,60,60,roberta-large
757,60,60,roberta-large
758,60,60,roberta-large
759,60,60,roberta-large
760,75,75,roberta-large
761,75,75,roberta-large
762,75,75,roberta-large
763,75,19,roberta-large
764,75,75,roberta-large
765,75,75,roberta-large
766,75,75,roberta-large
767,75,75,roberta-large
768,75,75,roberta-large
769,75,75,roberta-large
770,75,75,roberta-large
771,75,75,roberta-large
772,75,75,roberta-large
773,75,20,roberta-large
774,75,75,roberta-large
775,75,26,roberta-large
776,75,75,roberta-large
777,75,75,roberta-large
778,75,75,roberta-large
779,75,75,roberta-large
780,75,75,roberta-large
781,75,75,roberta-large
782,75,75,roberta-large
783,75,75,roberta-large
784,75,75,roberta-large
785,75,75,roberta-large
786,75,75,roberta-large
787,75,75,roberta-large
788,75,75,roberta-large
789,75,75,roberta-large
790,75,75,roberta-large
791,75,75,roberta-large
792,75,75,roberta-large
793,75,75,roberta-large
794,75,75,roberta-large
795,75,75,roberta-large
796,75,75,roberta-large
797,75,75,roberta-large
798,75,75,roberta-large
799,75,11,roberta-large
800,15,15,roberta-large
801,15,19,roberta-large
802,15,15,roberta-large
803,15,15,roberta-large
804,15,15,roberta-large
805,15,15,roberta-large
806,15,19,roberta-large
807,15,34,roberta-large
808,15,15,roberta-large
809,15,15,roberta-large
810,15,15,roberta-large
811,15,15,roberta-large
812,15,28,roberta-large
813,15,15,roberta-large
814,15,15,roberta-large
815,15,15,roberta-large
816,15,63,roberta-large
817,15,15,roberta-large
818,15,34,roberta-large
819,15,15,roberta-large
820,15,15,roberta-large
821,15,15,roberta-large
822,15,15,roberta-large
823,15,15,roberta-large
824,15,47,roberta-large
825,15,15,roberta-large
826,15,15,roberta-large
827,15,15,roberta-large
828,15,15,roberta-large
829,15,15,roberta-large
830,15,14,roberta-large
831,15,15,roberta-large
832,15,57,roberta-large
833,15,15,roberta-large
834,15,15,roberta-large
835,15,64,roberta-large
836,15,43,roberta-large
837,15,15,roberta-large
838,15,15,roberta-large
839,15,15,roberta-large
840,66,66,roberta-large
841,66,66,roberta-large
842,66,45,roberta-large
843,66,66,roberta-large
844,66,66,roberta-large
845,66,5,roberta-large
846,66,66,roberta-large
847,66,66,roberta-large
848,66,66,roberta-large
849,66,5,roberta-large
850,66,66,roberta-large
851,66,5,roberta-large
852,66,53,roberta-large
853,66,66,roberta-large
854,66,66,roberta-large
855,66,66,roberta-large
856,66,66,roberta-large
857,66,45,roberta-large
858,66,66,roberta-large
859,66,11,roberta-large
860,66,66,roberta-large
861,66,66,roberta-large
862,66,66,roberta-large
863,66,66,roberta-large
864,66,6,roberta-large
865,66,66,roberta-large
866,66,47,roberta-large
867,66,45,roberta-large
868,66,45,roberta-large
869,66,47,roberta-large
870,66,66,roberta-large
871,66,66,roberta-large
872,66,66,roberta-large
873,66,6,roberta-large
874,66,66,roberta-large
875,66,48,roberta-large
876,66,46,roberta-large
877,66,66,roberta-large
878,66,66,roberta-large
879,66,66,roberta-large
880,54,54,roberta-large
881,54,71,roberta-large
882,54,54,roberta-large
883,54,54,roberta-large
884,54,54,roberta-large
885,54,54,roberta-large
886,54,54,roberta-large
887,54,54,roberta-large
888,54,54,roberta-large
889,54,54,roberta-large
890,54,54,roberta-large
891,54,54,roberta-large
892,54,54,roberta-large
893,54,54,roberta-large
894,54,54,roberta-large
895,54,54,roberta-large
896,54,54,roberta-large
897,54,54,roberta-large
898,54,54,roberta-large
899,54,54,roberta-large
900,54,54,roberta-large
901,54,36,roberta-large
902,54,54,roberta-large
903,54,54,roberta-large
904,54,29,roberta-large
905,54,36,roberta-large
906,54,36,roberta-large
907,54,54,roberta-large
908,54,69,roberta-large
909,54,54,roberta-large
910,54,54,roberta-large
911,54,58,roberta-large
912,54,54,roberta-large
913,54,54,roberta-large
914,54,54,roberta-large
915,54,54,roberta-large
916,54,54,roberta-large
917,54,54,roberta-large
918,54,54,roberta-large
919,54,54,roberta-large
920,40,40,roberta-large
921,40,40,roberta-large
922,40,40,roberta-large
923,40,37,roberta-large
924,40,13,roberta-large
925,40,66,roberta-large
926,40,37,roberta-large
927,40,40,roberta-large
928,40,40,roberta-large
929,40,43,roberta-large
930,40,40,roberta-large
931,40,40,roberta-large
932,40,43,roberta-large
933,40,37,roberta-large
934,40,43,roberta-large
935,40,40,roberta-large
936,40,40,roberta-large
937,40,43,roberta-large
938,40,40,roberta-large
939,40,40,roberta-large
940,40,40,roberta-large
941,40,40,roberta-large
942,40,40,roberta-large
943,40,9,roberta-large
944,40,40,roberta-large
945,40,9,roberta-large
946,40,40,roberta-large
947,40,35,roberta-large
948,40,40,roberta-large
949,40,12,roberta-large
950,40,73,roberta-large
951,40,43,roberta-large
952,40,40,roberta-large
953,40,40,roberta-large
954,40,37,roberta-large
955,40,12,roberta-large
956,40,40,roberta-large
957,40,40,roberta-large
958,40,40,roberta-large
959,40,39,roberta-large
960,10,10,roberta-large
961,10,10,roberta-large
962,10,10,roberta-large
963,10,10,roberta-large
964,10,10,roberta-large
965,10,10,roberta-large
966,10,10,roberta-large
967,10,10,roberta-large
968,10,10,roberta-large
969,10,10,roberta-large
970,10,10,roberta-large
971,10,10,roberta-large
972,10,10,roberta-large
973,10,10,roberta-large
974,10,10,roberta-large
975,10,10,roberta-large
976,10,10,roberta-large
977,10,10,roberta-large
978,10,10,roberta-large
979,10,13,roberta-large
980,10,10,roberta-large
981,10,10,roberta-large
982,10,10,roberta-large
983,10,10,roberta-large
984,10,10,roberta-large
985,10,10,roberta-large
986,10,10,roberta-large
987,10,10,roberta-large
988,10,10,roberta-large
989,10,10,roberta-large
990,10,43,roberta-large
991,10,10,roberta-large
992,10,10,roberta-large
993,10,10,roberta-large
994,10,10,roberta-large
995,10,10,roberta-large
996,10,3,roberta-large
997,10,10,roberta-large
998,10,10,roberta-large
999,10,10,roberta-large
1000,61,61,roberta-large
1001,61,61,roberta-large
1002,61,61,roberta-large
1003,61,59,roberta-large
1004,61,59,roberta-large
1005,61,61,roberta-large
1006,61,59,roberta-large
1007,61,6,roberta-large
1008,61,53,roberta-large
1009,61,61,roberta-large
1010,61,59,roberta-large
1011,61,61,roberta-large
1012,61,59,roberta-large
1013,61,61,roberta-large
1014,61,47,roberta-large
1015,61,61,roberta-large
1016,61,61,roberta-large
1017,61,61,roberta-large
1018,61,61,roberta-large
1019,61,62,roberta-large
1020,61,59,roberta-large
1021,61,61,roberta-large
1022,61,61,roberta-large
1023,61,59,roberta-large
1024,61,59,roberta-large
1025,61,62,roberta-large
1026,61,61,roberta-large
1027,61,61,roberta-large
1028,61,61,roberta-large
1029,61,61,roberta-large
1030,61,61,roberta-large
1031,61,61,roberta-large
1032,61,61,roberta-large
1033,61,61,roberta-large
1034,61,61,roberta-large
1035,61,61,roberta-large
1036,61,27,roberta-large
1037,61,61,roberta-large
1038,61,7,roberta-large
1039,61,61,roberta-large
1040,6,6,roberta-large
1041,6,6,roberta-large
1042,6,5,roberta-large
1043,6,6,roberta-large
1044,6,53,roberta-large
1045,6,67,roberta-large
1046,6,5,roberta-large
1047,6,6,roberta-large
1048,6,6,roberta-large
1049,6,6,roberta-large
1050,6,6,roberta-large
1051,6,6,roberta-large
1052,6,6,roberta-large
1053,6,46,roberta-large
1054,6,5,roberta-large
1055,6,7,roberta-large
1056,6,6,roberta-large
1057,6,6,roberta-large
1058,6,48,roberta-large
1059,6,6,roberta-large
1060,6,11,roberta-large
1061,6,6,roberta-large
1062,6,6,roberta-large
1063,6,6,roberta-large
1064,6,6,roberta-large
1065,6,6,roberta-large
1066,6,6,roberta-large
1067,6,14,roberta-large
1068,6,61,roberta-large
1069,6,6,roberta-large
1070,6,6,roberta-large
1071,6,6,roberta-large
1072,6,6,roberta-large
1073,6,6,roberta-large
1074,6,46,roberta-large
1075,6,51,roberta-large
1076,6,6,roberta-large
1077,6,5,roberta-large
1078,6,6,roberta-large
1079,6,6,roberta-large
1080,16,16,roberta-large
1081,16,28,roberta-large
1082,16,16,roberta-large
1083,16,16,roberta-large
1084,16,28,roberta-large
1085,16,28,roberta-large
1086,16,28,roberta-large
1087,16,25,roberta-large
1088,16,16,roberta-large
1089,16,16,roberta-large
1090,16,16,roberta-large
1091,16,16,roberta-large
1092,16,16,roberta-large
1093,16,28,roberta-large
1094,16,16,roberta-large
1095,16,16,roberta-large
1096,16,16,roberta-large
1097,16,16,roberta-large
1098,16,16,roberta-large
1099,16,16,roberta-large
1100,16,22,roberta-large
1101,16,16,roberta-large
1102,16,16,roberta-large
1103,16,16,roberta-large
1104,16,16,roberta-large
1105,16,16,roberta-large
1106,16,16,roberta-large
1107,16,16,roberta-large
1108,16,16,roberta-large
1109,16,28,roberta-large
1110,16,16,roberta-large
1111,16,16,roberta-large
1112,16,20,roberta-large
1113,16,16,roberta-large
1114,16,16,roberta-large
1115,16,16,roberta-large
1116,16,20,roberta-large
1117,16,16,roberta-large
1118,16,20,roberta-large
1119,16,20,roberta-large
1120,30,30,roberta-large
1121,30,30,roberta-large
1122,30,30,roberta-large
1123,30,30,roberta-large
1124,30,30,roberta-large
1125,30,30,roberta-large
1126,30,30,roberta-large
1127,30,30,roberta-large
1128,30,30,roberta-large
1129,30,30,roberta-large
1130,30,30,roberta-large
1131,30,30,roberta-large
1132,30,30,roberta-large
1133,30,30,roberta-large
1134,30,30,roberta-large
1135,30,30,roberta-large
1136,30,30,roberta-large
1137,30,30,roberta-large
1138,30,30,roberta-large
1139,30,30,roberta-large
1140,30,21,roberta-large
1141,30,30,roberta-large
1142,30,30,roberta-large
1143,30,30,roberta-large
1144,30,30,roberta-large
1145,30,30,roberta-large
1146,30,30,roberta-large
1147,30,69,roberta-large
1148,30,30,roberta-large
1149,30,30,roberta-large
1150,30,30,roberta-large
1151,30,30,roberta-large
1152,30,30,roberta-large
1153,30,30,roberta-large
1154,30,30,roberta-large
1155,30,69,roberta-large
1156,30,30,roberta-large
1157,30,30,roberta-large
1158,30,30,roberta-large
1159,30,55,roberta-large
1160,74,74,roberta-large
1161,74,74,roberta-large
1162,74,74,roberta-large
1163,74,74,roberta-large
1164,74,74,roberta-large
1165,74,74,roberta-large
1166,74,69,roberta-large
1167,74,74,roberta-large
1168,74,74,roberta-large
1169,74,74,roberta-large
1170,74,73,roberta-large
1171,74,74,roberta-large
1172,74,74,roberta-large
1173,74,74,roberta-large
1174,74,74,roberta-large
1175,74,74,roberta-large
1176,74,69,roberta-large
1177,74,74,roberta-large
1178,74,74,roberta-large
1179,74,74,roberta-large
1180,74,74,roberta-large
1181,74,74,roberta-large
1182,74,74,roberta-large
1183,74,74,roberta-large
1184,74,74,roberta-large
1185,74,74,roberta-large
1186,74,74,roberta-large
1187,74,74,roberta-large
1188,74,74,roberta-large
1189,74,68,roberta-large
1190,74,74,roberta-large
1191,74,74,roberta-large
1192,74,69,roberta-large
1193,74,74,roberta-large
1194,74,74,roberta-large
1195,74,74,roberta-large
1196,74,74,roberta-large
1197,74,74,roberta-large
1198,74,74,roberta-large
1199,74,74,roberta-large
1200,68,68,roberta-large
1201,68,68,roberta-large
1202,68,69,roberta-large
1203,68,68,roberta-large
1204,68,43,roberta-large
1205,68,68,roberta-large
1206,68,68,roberta-large
1207,68,68,roberta-large
1208,68,68,roberta-large
1209,68,68,roberta-large
1210,68,68,roberta-large
1211,68,68,roberta-large
1212,68,68,roberta-large
1213,68,68,roberta-large
1214,68,68,roberta-large
1215,68,0,roberta-large
1216,68,68,roberta-large
1217,68,74,roberta-large
1218,68,68,roberta-large
1219,68,68,roberta-large
1220,68,68,roberta-large
1221,68,68,roberta-large
1222,68,68,roberta-large
1223,68,68,roberta-large
1224,68,68,roberta-large
1225,68,68,roberta-large
1226,68,7,roberta-large
1227,68,69,roberta-large
1228,68,68,roberta-large
1229,68,68,roberta-large
1230,68,68,roberta-large
1231,68,68,roberta-large
1232,68,68,roberta-large
1233,68,68,roberta-large
1234,68,68,roberta-large
1235,68,68,roberta-large
1236,68,0,roberta-large
1237,68,69,roberta-large
1238,68,68,roberta-large
1239,68,68,roberta-large
1240,38,9,roberta-large
1241,38,38,roberta-large
1242,38,38,roberta-large
1243,38,38,roberta-large
1244,38,38,roberta-large
1245,38,38,roberta-large
1246,38,38,roberta-large
1247,38,13,roberta-large
1248,38,38,roberta-large
1249,38,38,roberta-large
1250,38,38,roberta-large
1251,38,38,roberta-large
1252,38,38,roberta-large
1253,38,38,roberta-large
1254,38,38,roberta-large
1255,38,38,roberta-large
1256,38,38,roberta-large
1257,38,38,roberta-large
1258,38,14,roberta-large
1259,38,0,roberta-large
1260,38,38,roberta-large
1261,38,38,roberta-large
1262,38,49,roberta-large
1263,38,38,roberta-large
1264,38,52,roberta-large
1265,38,38,roberta-large
1266,38,51,roberta-large
1267,38,38,roberta-large
1268,38,38,roberta-large
1269,38,49,roberta-large
1270,38,38,roberta-large
1271,38,38,roberta-large
1272,38,40,roberta-large
1273,38,38,roberta-large
1274,38,51,roberta-large
1275,38,43,roberta-large
1276,38,21,roberta-large
1277,38,38,roberta-large
1278,38,38,roberta-large
1279,38,38,roberta-large
1280,73,73,roberta-large
1281,73,73,roberta-large
1282,73,73,roberta-large
1283,73,73,roberta-large
1284,73,73,roberta-large
1285,73,73,roberta-large
1286,73,73,roberta-large
1287,73,73,roberta-large
1288,73,73,roberta-large
1289,73,73,roberta-large
1290,73,73,roberta-large
1291,73,73,roberta-large
1292,73,73,roberta-large
1293,73,73,roberta-large
1294,73,43,roberta-large
1295,73,73,roberta-large
1296,73,54,roberta-large
1297,73,40,roberta-large
1298,73,73,roberta-large
1299,73,73,roberta-large
1300,73,73,roberta-large
1301,73,73,roberta-large
1302,73,73,roberta-large
1303,73,73,roberta-large
1304,73,73,roberta-large
1305,73,73,roberta-large
1306,73,73,roberta-large
1307,73,73,roberta-large
1308,73,73,roberta-large
1309,73,73,roberta-large
1310,73,73,roberta-large
1311,73,73,roberta-large
1312,73,73,roberta-large
1313,73,73,roberta-large
1314,73,73,roberta-large
1315,73,54,roberta-large
1316,73,73,roberta-large
1317,73,29,roberta-large
1318,73,73,roberta-large
1319,73,43,roberta-large
1320,62,65,roberta-large
1321,62,19,roberta-large
1322,62,62,roberta-large
1323,62,65,roberta-large
1324,62,54,roberta-large
1325,62,62,roberta-large
1326,62,58,roberta-large
1327,62,62,roberta-large
1328,62,62,roberta-large
1329,62,62,roberta-large
1330,62,61,roberta-large
1331,62,51,roberta-large
1332,62,58,roberta-large
1333,62,26,roberta-large
1334,62,65,roberta-large
1335,62,62,roberta-large
1336,62,62,roberta-large
1337,62,6,roberta-large
1338,62,47,roberta-large
1339,62,62,roberta-large
1340,62,62,roberta-large
1341,62,61,roberta-large
1342,62,62,roberta-large
1343,62,62,roberta-large
1344,62,62,roberta-large
1345,62,62,roberta-large
1346,62,65,roberta-large
1347,62,47,roberta-large
1348,62,62,roberta-large
1349,62,62,roberta-large
1350,62,62,roberta-large
1351,62,62,roberta-large
1352,62,62,roberta-large
1353,62,62,roberta-large
1354,62,62,roberta-large
1355,62,62,roberta-large
1356,62,62,roberta-large
1357,62,62,roberta-large
1358,62,5,roberta-large
1359,62,62,roberta-large
1360,29,37,roberta-large
1361,29,29,roberta-large
1362,29,29,roberta-large
1363,29,29,roberta-large
1364,29,29,roberta-large
1365,29,29,roberta-large
1366,29,37,roberta-large
1367,29,29,roberta-large
1368,29,39,roberta-large
1369,29,29,roberta-large
1370,29,29,roberta-large
1371,29,29,roberta-large
1372,29,37,roberta-large
1373,29,29,roberta-large
1374,29,29,roberta-large
1375,29,29,roberta-large
1376,29,29,roberta-large
1377,29,29,roberta-large
1378,29,29,roberta-large
1379,29,29,roberta-large
1380,29,29,roberta-large
1381,29,37,roberta-large
1382,29,29,roberta-large
1383,29,29,roberta-large
1384,29,29,roberta-large
1385,29,29,roberta-large
1386,29,29,roberta-large
1387,29,29,roberta-large
1388,29,29,roberta-large
1389,29,29,roberta-large
1390,29,29,roberta-large
1391,29,39,roberta-large
1392,29,29,roberta-large
1393,29,29,roberta-large
1394,29,37,roberta-large
1395,29,29,roberta-large
1396,29,29,roberta-large
1397,29,29,roberta-large
1398,29,29,roberta-large
1399,29,29,roberta-large
1400,22,22,roberta-large
1401,22,22,roberta-large
1402,22,22,roberta-large
1403,22,22,roberta-large
1404,22,0,roberta-large
1405,22,49,roberta-large
1406,22,22,roberta-large
1407,22,22,roberta-large
1408,22,22,roberta-large
1409,22,22,roberta-large
1410,22,22,roberta-large
1411,22,22,roberta-large
1412,22,22,roberta-large
1413,22,20,roberta-large
1414,22,22,roberta-large
1415,22,22,roberta-large
1416,22,22,roberta-large
1417,22,22,roberta-large
1418,22,22,roberta-large
1419,22,53,roberta-large
1420,22,22,roberta-large
1421,22,13,roberta-large
1422,22,41,roberta-large
1423,22,22,roberta-large
1424,22,16,roberta-large
1425,22,55,roberta-large
1426,22,22,roberta-large
1427,22,22,roberta-large
1428,22,22,roberta-large
1429,22,28,roberta-large
1430,22,22,roberta-large
1431,22,9,roberta-large
1432,22,22,roberta-large
1433,22,22,roberta-large
1434,22,22,roberta-large
1435,22,22,roberta-large
1436,22,22,roberta-large
1437,22,22,roberta-large
1438,22,22,roberta-large
1439,22,22,roberta-large
1440,3,3,roberta-large
1441,3,3,roberta-large
1442,3,3,roberta-large
1443,3,3,roberta-large
1444,3,3,roberta-large
1445,3,3,roberta-large
1446,3,10,roberta-large
1447,3,3,roberta-large
1448,3,3,roberta-large
1449,3,3,roberta-large
1450,3,3,roberta-large
1451,3,3,roberta-large
1452,3,3,roberta-large
1453,3,36,roberta-large
1454,3,3,roberta-large
1455,3,3,roberta-large
1456,3,3,roberta-large
1457,3,10,roberta-large
1458,3,3,roberta-large
1459,3,3,roberta-large
1460,3,3,roberta-large
1461,3,3,roberta-large
1462,3,3,roberta-large
1463,3,3,roberta-large
1464,3,3,roberta-large
1465,3,3,roberta-large
1466,3,3,roberta-large
1467,3,3,roberta-large
1468,3,3,roberta-large
1469,3,3,roberta-large
1470,3,3,roberta-large
1471,3,3,roberta-large
1472,3,3,roberta-large
1473,3,3,roberta-large
1474,3,3,roberta-large
1475,3,3,roberta-large
1476,3,3,roberta-large
1477,3,3,roberta-large
1478,3,3,roberta-large
1479,3,3,roberta-large
1480,28,28,roberta-large
1481,28,28,roberta-large
1482,28,28,roberta-large
1483,28,28,roberta-large
1484,28,28,roberta-large
1485,28,53,roberta-large
1486,28,41,roberta-large
1487,28,20,roberta-large
1488,28,20,roberta-large
1489,28,63,roberta-large
1490,28,28,roberta-large
1491,28,28,roberta-large
1492,28,28,roberta-large
1493,28,28,roberta-large
1494,28,28,roberta-large
1495,28,28,roberta-large
1496,28,28,roberta-large
1497,28,28,roberta-large
1498,28,28,roberta-large
1499,28,28,roberta-large
1500,28,28,roberta-large
1501,28,28,roberta-large
1502,28,28,roberta-large
1503,28,28,roberta-large
1504,28,28,roberta-large
1505,28,28,roberta-large
1506,28,16,roberta-large
1507,28,28,roberta-large
1508,28,28,roberta-large
1509,28,28,roberta-large
1510,28,28,roberta-large
1511,28,28,roberta-large
1512,28,55,roberta-large
1513,28,28,roberta-large
1514,28,20,roberta-large
1515,28,28,roberta-large
1516,28,41,roberta-large
1517,28,19,roberta-large
1518,28,28,roberta-large
1519,28,28,roberta-large
1520,44,44,roberta-large
1521,44,44,roberta-large
1522,44,44,roberta-large
1523,44,44,roberta-large
1524,44,44,roberta-large
1525,44,44,roberta-large
1526,44,14,roberta-large
1527,44,44,roberta-large
1528,44,44,roberta-large
1529,44,44,roberta-large
1530,44,44,roberta-large
1531,44,44,roberta-large
1532,44,44,roberta-large
1533,44,42,roberta-large
1534,44,44,roberta-large
1535,44,44,roberta-large
1536,44,44,roberta-large
1537,44,44,roberta-large
1538,44,44,roberta-large
1539,44,44,roberta-large
1540,44,44,roberta-large
1541,44,42,roberta-large
1542,44,44,roberta-large
1543,44,44,roberta-large
1544,44,49,roberta-large
1545,44,44,roberta-large
1546,44,44,roberta-large
1547,44,44,roberta-large
1548,44,44,roberta-large
1549,44,44,roberta-large
1550,44,44,roberta-large
1551,44,44,roberta-large
1552,44,44,roberta-large
1553,44,44,roberta-large
1554,44,44,roberta-large
1555,44,44,roberta-large
1556,44,44,roberta-large
1557,44,44,roberta-large
1558,44,21,roberta-large
1559,44,44,roberta-large
1560,26,26,roberta-large
1561,26,52,roberta-large
1562,26,59,roberta-large
1563,26,26,roberta-large
1564,26,26,roberta-large
1565,26,23,roberta-large
1566,26,26,roberta-large
1567,26,26,roberta-large
1568,26,48,roberta-large
1569,26,26,roberta-large
1570,26,26,roberta-large
1571,26,26,roberta-large
1572,26,26,roberta-large
1573,26,18,roberta-large
1574,26,23,roberta-large
1575,26,59,roberta-large
1576,26,26,roberta-large
1577,26,26,roberta-large
1578,26,26,roberta-large
1579,26,26,roberta-large
1580,26,26,roberta-large
1581,26,26,roberta-large
1582,26,26,roberta-large
1583,26,26,roberta-large
1584,26,26,roberta-large
1585,26,26,roberta-large
1586,26,75,roberta-large
1587,26,26,roberta-large
1588,26,26,roberta-large
1589,26,26,roberta-large
1590,26,26,roberta-large
1591,26,75,roberta-large
1592,26,26,roberta-large
1593,26,75,roberta-large
1594,26,26,roberta-large
1595,26,26,roberta-large
1596,26,26,roberta-large
1597,26,26,roberta-large
1598,26,26,roberta-large
1599,26,26,roberta-large
1600,45,45,roberta-large
1601,45,45,roberta-large
1602,45,45,roberta-large
1603,45,0,roberta-large
1604,45,45,roberta-large
1605,45,45,roberta-large
1606,45,27,roberta-large
1607,45,45,roberta-large
1608,45,45,roberta-large
1609,45,45,roberta-large
1610,45,45,roberta-large
1611,45,45,roberta-large
1612,45,45,roberta-large
1613,45,45,roberta-large
1614,45,48,roberta-large
1615,45,34,roberta-large
1616,45,46,roberta-large
1617,45,45,roberta-large
1618,45,45,roberta-large
1619,45,45,roberta-large
1620,45,45,roberta-large
1621,45,46,roberta-large
1622,45,5,roberta-large
1623,45,45,roberta-large
1624,45,45,roberta-large
1625,45,11,roberta-large
1626,45,45,roberta-large
1627,45,11,roberta-large
1628,45,45,roberta-large
1629,45,25,roberta-large
1630,45,45,roberta-large
1631,45,11,roberta-large
1632,45,45,roberta-large
1633,45,45,roberta-large
1634,45,46,roberta-large
1635,45,45,roberta-large
1636,45,46,roberta-large
1637,45,53,roberta-large
1638,45,45,roberta-large
1639,45,45,roberta-large
1640,42,41,roberta-large
1641,42,42,roberta-large
1642,42,42,roberta-large
1643,42,42,roberta-large
1644,42,42,roberta-large
1645,42,38,roberta-large
1646,42,42,roberta-large
1647,42,41,roberta-large
1648,42,13,roberta-large
1649,42,42,roberta-large
1650,42,42,roberta-large
1651,42,42,roberta-large
1652,42,42,roberta-large
1653,42,42,roberta-large
1654,42,42,roberta-large
1655,42,42,roberta-large
1656,42,42,roberta-large
1657,42,42,roberta-large
1658,42,55,roberta-large
1659,42,42,roberta-large
1660,42,42,roberta-large
1661,42,42,roberta-large
1662,42,42,roberta-large
1663,42,42,roberta-large
1664,42,42,roberta-large
1665,42,42,roberta-large
1666,42,42,roberta-large
1667,42,42,roberta-large
1668,42,42,roberta-large
1669,42,42,roberta-large
1670,42,42,roberta-large
1671,42,42,roberta-large
1672,42,41,roberta-large
1673,42,42,roberta-large
1674,42,42,roberta-large
1675,42,42,roberta-large
1676,42,41,roberta-large
1677,42,42,roberta-large
1678,42,42,roberta-large
1679,42,42,roberta-large
1680,52,52,roberta-large
1681,52,52,roberta-large
1682,52,52,roberta-large
1683,52,52,roberta-large
1684,52,8,roberta-large
1685,52,51,roberta-large
1686,52,52,roberta-large
1687,52,0,roberta-large
1688,52,52,roberta-large
1689,52,17,roberta-large
1690,52,52,roberta-large
1691,52,8,roberta-large
1692,52,52,roberta-large
1693,52,52,roberta-large
1694,52,52,roberta-large
1695,52,52,roberta-large
1696,52,52,roberta-large
1697,52,52,roberta-large
1698,52,52,roberta-large
1699,52,52,roberta-large
1700,52,52,roberta-large
1701,52,52,roberta-large
1702,52,55,roberta-large
1703,52,52,roberta-large
1704,52,52,roberta-large
1705,52,52,roberta-large
1706,52,52,roberta-large
1707,52,52,roberta-large
1708,52,52,roberta-large
1709,52,52,roberta-large
1710,52,52,roberta-large
1711,52,52,roberta-large
1712,52,52,roberta-large
1713,52,52,roberta-large
1714,52,52,roberta-large
1715,52,52,roberta-large
1716,52,52,roberta-large
1717,52,52,roberta-large
1718,52,52,roberta-large
1719,52,52,roberta-large
1720,27,35,roberta-large
1721,27,27,roberta-large
1722,27,27,roberta-large
1723,27,27,roberta-large
1724,27,27,roberta-large
1725,27,27,roberta-large
1726,27,72,roberta-large
1727,27,27,roberta-large
1728,27,27,roberta-large
1729,27,48,roberta-large
1730,27,62,roberta-large
1731,27,27,roberta-large
1732,27,27,roberta-large
1733,27,27,roberta-large
1734,27,27,roberta-large
1735,27,27,roberta-large
1736,27,35,roberta-large
1737,27,59,roberta-large
1738,27,27,roberta-large
1739,27,14,roberta-large
1740,27,27,roberta-large
1741,27,27,roberta-large
1742,27,27,roberta-large
1743,27,27,roberta-large
1744,27,27,roberta-large
1745,27,27,roberta-large
1746,27,26,roberta-large
1747,27,44,roberta-large
1748,27,35,roberta-large
1749,27,48,roberta-large
1750,27,35,roberta-large
1751,27,70,roberta-large
1752,27,35,roberta-large
1753,27,66,roberta-large
1754,27,27,roberta-large
1755,27,27,roberta-large
1756,27,26,roberta-large
1757,27,27,roberta-large
1758,27,59,roberta-large
1759,27,27,roberta-large
1760,51,51,roberta-large
1761,51,51,roberta-large
1762,51,51,roberta-large
1763,51,51,roberta-large
1764,51,51,roberta-large
1765,51,51,roberta-large
1766,51,51,roberta-large
1767,51,51,roberta-large
1768,51,51,roberta-large
1769,51,51,roberta-large
1770,51,6,roberta-large
1771,51,51,roberta-large
1772,51,51,roberta-large
1773,51,51,roberta-large
1774,51,51,roberta-large
1775,51,53,roberta-large
1776,51,51,roberta-large
1777,51,51,roberta-large
1778,51,51,roberta-large
1779,51,51,roberta-large
1780,51,51,roberta-large
1781,51,51,roberta-large
1782,51,51,roberta-large
1783,51,51,roberta-large
1784,51,51,roberta-large
1785,51,51,roberta-large
1786,51,51,roberta-large
1787,51,51,roberta-large
1788,51,51,roberta-large
1789,51,51,roberta-large
1790,51,51,roberta-large
1791,51,51,roberta-large
1792,51,51,roberta-large
1793,51,51,roberta-large
1794,51,51,roberta-large
1795,51,51,roberta-large
1796,51,51,roberta-large
1797,51,51,roberta-large
1798,51,51,roberta-large
1799,51,51,roberta-large
1800,25,25,roberta-large
1801,25,25,roberta-large
1802,25,25,roberta-large
1803,25,26,roberta-large
1804,25,53,roberta-large
1805,25,25,roberta-large
1806,25,27,roberta-large
1807,25,25,roberta-large
1808,25,25,roberta-large
1809,25,25,roberta-large
1810,25,25,roberta-large
1811,25,27,roberta-large
1812,25,25,roberta-large
1813,25,46,roberta-large
1814,25,25,roberta-large
1815,25,5,roberta-large
1816,25,25,roberta-large
1817,25,25,roberta-large
1818,25,53,roberta-large
1819,25,25,roberta-large
1820,25,25,roberta-large
1821,25,25,roberta-large
1822,25,25,roberta-large
1823,25,25,roberta-large
1824,25,25,roberta-large
1825,25,49,roberta-large
1826,25,26,roberta-large
1827,25,25,roberta-large
1828,25,25,roberta-large
1829,25,25,roberta-large
1830,25,25,roberta-large
1831,25,25,roberta-large
1832,25,25,roberta-large
1833,25,27,roberta-large
1834,25,25,roberta-large
1835,25,25,roberta-large
1836,25,25,roberta-large
1837,25,25,roberta-large
1838,25,23,roberta-large
1839,25,25,roberta-large
1840,48,48,roberta-large
1841,48,48,roberta-large
1842,48,66,roberta-large
1843,48,48,roberta-large
1844,48,48,roberta-large
1845,48,48,roberta-large
1846,48,48,roberta-large
1847,48,48,roberta-large
1848,48,48,roberta-large
1849,48,45,roberta-large
1850,48,48,roberta-large
1851,48,67,roberta-large
1852,48,48,roberta-large
1853,48,35,roberta-large
1854,48,51,roberta-large
1855,48,66,roberta-large
1856,48,48,roberta-large
1857,48,67,roberta-large
1858,48,67,roberta-large
1859,48,45,roberta-large
1860,48,48,roberta-large
1861,48,48,roberta-large
1862,48,5,roberta-large
1863,48,48,roberta-large
1864,48,66,roberta-large
1865,48,45,roberta-large
1866,48,46,roberta-large
1867,48,6,roberta-large
1868,48,48,roberta-large
1869,48,48,roberta-large
1870,48,48,roberta-large
1871,48,48,roberta-large
1872,48,48,roberta-large
1873,48,5,roberta-large
1874,48,48,roberta-large
1875,48,45,roberta-large
1876,48,48,roberta-large
1877,48,5,roberta-large
1878,48,48,roberta-large
1879,48,48,roberta-large
1880,55,55,roberta-large
1881,55,6,roberta-large
1882,55,55,roberta-large
1883,55,55,roberta-large
1884,55,55,roberta-large
1885,55,55,roberta-large
1886,55,55,roberta-large
1887,55,55,roberta-large
1888,55,55,roberta-large
1889,55,55,roberta-large
1890,55,55,roberta-large
1891,55,55,roberta-large
1892,55,55,roberta-large
1893,55,55,roberta-large
1894,55,55,roberta-large
1895,55,55,roberta-large
1896,55,55,roberta-large
1897,55,55,roberta-large
1898,55,55,roberta-large
1899,55,55,roberta-large
1900,55,55,roberta-large
1901,55,55,roberta-large
1902,55,55,roberta-large
1903,55,55,roberta-large
1904,55,55,roberta-large
1905,55,55,roberta-large
1906,55,55,roberta-large
1907,55,55,roberta-large
1908,55,55,roberta-large
1909,55,55,roberta-large
1910,55,55,roberta-large
1911,55,55,roberta-large
1912,55,55,roberta-large
1913,55,55,roberta-large
1914,55,37,roberta-large
1915,55,55,roberta-large
1916,55,55,roberta-large
1917,55,55,roberta-large
1918,55,21,roberta-large
1919,55,55,roberta-large
1920,18,18,roberta-large
1921,18,18,roberta-large
1922,18,25,roberta-large
1923,18,18,roberta-large
1924,18,18,roberta-large
1925,18,18,roberta-large
1926,18,73,roberta-large
1927,18,75,roberta-large
1928,18,18,roberta-large
1929,18,18,roberta-large
1930,18,18,roberta-large
1931,18,14,roberta-large
1932,18,18,roberta-large
1933,18,18,roberta-large
1934,18,38,roberta-large
1935,18,18,roberta-large
1936,18,18,roberta-large
1937,18,18,roberta-large
1938,18,18,roberta-large
1939,18,18,roberta-large
1940,18,18,roberta-large
1941,18,53,roberta-large
1942,18,18,roberta-large
1943,18,18,roberta-large
1944,18,18,roberta-large
1945,18,18,roberta-large
1946,18,18,roberta-large
1947,18,18,roberta-large
1948,18,41,roberta-large
1949,18,18,roberta-large
1950,18,18,roberta-large
1951,18,18,roberta-large
1952,18,18,roberta-large
1953,18,0,roberta-large
1954,18,18,roberta-large
1955,18,18,roberta-large
1956,18,18,roberta-large
1957,18,18,roberta-large
1958,18,18,roberta-large
1959,18,18,roberta-large
1960,63,64,roberta-large
1961,63,53,roberta-large
1962,63,63,roberta-large
1963,63,52,roberta-large
1964,63,16,roberta-large
1965,63,63,roberta-large
1966,63,63,roberta-large
1967,63,63,roberta-large
1968,63,63,roberta-large
1969,63,63,roberta-large
1970,63,64,roberta-large
1971,63,63,roberta-large
1972,63,63,roberta-large
1973,63,63,roberta-large
1974,63,63,roberta-large
1975,63,64,roberta-large
1976,63,63,roberta-large
1977,63,63,roberta-large
1978,63,63,roberta-large
1979,63,63,roberta-large
1980,63,63,roberta-large
1981,63,63,roberta-large
1982,63,63,roberta-large
1983,63,28,roberta-large
1984,63,63,roberta-large
1985,63,63,roberta-large
1986,63,63,roberta-large
1987,63,63,roberta-large
1988,63,63,roberta-large
1989,63,63,roberta-large
1990,63,63,roberta-large
1991,63,63,roberta-large
1992,63,63,roberta-large
1993,63,63,roberta-large
1994,63,63,roberta-large
1995,63,63,roberta-large
1996,63,63,roberta-large
1997,63,63,roberta-large
1998,63,63,roberta-large
1999,63,63,roberta-large
2000,70,70,roberta-large
2001,70,70,roberta-large
2002,70,70,roberta-large
2003,70,70,roberta-large
2004,70,70,roberta-large
2005,70,70,roberta-large
2006,70,70,roberta-large
2007,70,70,roberta-large
2008,70,74,roberta-large
2009,70,70,roberta-large
2010,70,70,roberta-large
2011,70,70,roberta-large
2012,70,70,roberta-large
2013,70,70,roberta-large
2014,70,69,roberta-large
2015,70,70,roberta-large
2016,70,70,roberta-large
2017,70,70,roberta-large
2018,70,70,roberta-large
2019,70,70,roberta-large
2020,70,70,roberta-large
2021,70,70,roberta-large
2022,70,70,roberta-large
2023,70,70,roberta-large
2024,70,70,roberta-large
2025,70,70,roberta-large
2026,70,70,roberta-large
2027,70,70,roberta-large
2028,70,70,roberta-large
2029,70,70,roberta-large
2030,70,70,roberta-large
2031,70,70,roberta-large
2032,70,70,roberta-large
2033,70,70,roberta-large
2034,70,70,roberta-large
2035,70,70,roberta-large
2036,70,70,roberta-large
2037,70,70,roberta-large
2038,70,70,roberta-large
2039,70,70,roberta-large
2040,67,67,roberta-large
2041,67,67,roberta-large
2042,67,67,roberta-large
2043,67,67,roberta-large
2044,67,67,roberta-large
2045,67,12,roberta-large
2046,67,67,roberta-large
2047,67,66,roberta-large
2048,67,47,roberta-large
2049,67,67,roberta-large
2050,67,67,roberta-large
2051,67,67,roberta-large
2052,67,67,roberta-large
2053,67,67,roberta-large
2054,67,67,roberta-large
2055,67,65,roberta-large
2056,67,67,roberta-large
2057,67,46,roberta-large
2058,67,67,roberta-large
2059,67,67,roberta-large
2060,67,67,roberta-large
2061,67,67,roberta-large
2062,67,67,roberta-large
2063,67,67,roberta-large
2064,67,66,roberta-large
2065,67,66,roberta-large
2066,67,67,roberta-large
2067,67,67,roberta-large
2068,67,67,roberta-large
2069,67,67,roberta-large
2070,67,67,roberta-large
2071,67,67,roberta-large
2072,67,67,roberta-large
2073,67,67,roberta-large
2074,67,67,roberta-large
2075,67,67,roberta-large
2076,67,67,roberta-large
2077,67,67,roberta-large
2078,67,67,roberta-large
2079,67,67,roberta-large
2080,53,53,roberta-large
2081,53,53,roberta-large
2082,53,53,roberta-large
2083,53,53,roberta-large
2084,53,26,roberta-large
2085,53,53,roberta-large
2086,53,53,roberta-large
2087,53,53,roberta-large
2088,53,53,roberta-large
2089,53,53,roberta-large
2090,53,53,roberta-large
2091,53,53,roberta-large
2092,53,27,roberta-large
2093,53,25,roberta-large
2094,53,53,roberta-large
2095,53,25,roberta-large
2096,53,28,roberta-large
2097,53,53,roberta-large
2098,53,53,roberta-large
2099,53,53,roberta-large
2100,53,53,roberta-large
2101,53,53,roberta-large
2102,53,66,roberta-large
2103,53,53,roberta-large
2104,53,53,roberta-large
2105,53,34,roberta-large
2106,53,62,roberta-large
2107,53,25,roberta-large
2108,53,53,roberta-large
2109,53,25,roberta-large
2110,53,53,roberta-large
2111,53,53,roberta-large
2112,53,53,roberta-large
2113,53,53,roberta-large
2114,53,53,roberta-large
2115,53,63,roberta-large
2116,53,7,roberta-large
2117,53,53,roberta-large
2118,53,53,roberta-large
2119,53,53,roberta-large
2120,21,21,roberta-large
2121,21,21,roberta-large
2122,21,21,roberta-large
2123,21,9,roberta-large
2124,21,21,roberta-large
2125,21,21,roberta-large
2126,21,55,roberta-large
2127,21,21,roberta-large
2128,21,21,roberta-large
2129,21,21,roberta-large
2130,21,30,roberta-large
2131,21,21,roberta-large
2132,21,21,roberta-large
2133,21,21,roberta-large
2134,21,13,roberta-large
2135,21,13,roberta-large
2136,21,21,roberta-large
2137,21,21,roberta-large
2138,21,21,roberta-large
2139,21,33,roberta-large
2140,21,21,roberta-large
2141,21,21,roberta-large
2142,21,21,roberta-large
2143,21,21,roberta-large
2144,21,21,roberta-large
2145,21,21,roberta-large
2146,21,43,roberta-large
2147,21,21,roberta-large
2148,21,21,roberta-large
2149,21,21,roberta-large
2150,21,21,roberta-large
2151,21,21,roberta-large
2152,21,30,roberta-large
2153,21,30,roberta-large
2154,21,49,roberta-large
2155,21,21,roberta-large
2156,21,21,roberta-large
2157,21,21,roberta-large
2158,21,21,roberta-large
2159,21,21,roberta-large
2160,7,25,roberta-large
2161,7,51,roberta-large
2162,7,7,roberta-large
2163,7,7,roberta-large
2164,7,27,roberta-large
2165,7,7,roberta-large
2166,7,8,roberta-large
2167,7,7,roberta-large
2168,7,7,roberta-large
2169,7,7,roberta-large
2170,7,7,roberta-large
2171,7,7,roberta-large
2172,7,11,roberta-large
2173,7,7,roberta-large
2174,7,7,roberta-large
2175,7,7,roberta-large
2176,7,35,roberta-large
2177,7,8,roberta-large
2178,7,7,roberta-large
2179,7,7,roberta-large
2180,7,7,roberta-large
2181,7,7,roberta-large
2182,7,7,roberta-large
2183,7,7,roberta-large
2184,7,7,roberta-large
2185,7,25,roberta-large
2186,7,7,roberta-large
2187,7,7,roberta-large
2188,7,7,roberta-large
2189,7,7,roberta-large
2190,7,7,roberta-large
2191,7,7,roberta-large
2192,7,7,roberta-large
2193,7,7,roberta-large
2194,7,7,roberta-large
2195,7,7,roberta-large
2196,7,7,roberta-large
2197,7,7,roberta-large
2198,7,7,roberta-large
2199,7,7,roberta-large
2200,64,64,roberta-large
2201,64,64,roberta-large
2202,64,64,roberta-large
2203,64,63,roberta-large
2204,64,8,roberta-large
2205,64,56,roberta-large
2206,64,64,roberta-large
2207,64,27,roberta-large
2208,64,64,roberta-large
2209,64,60,roberta-large
2210,64,64,roberta-large
2211,64,64,roberta-large
2212,64,56,roberta-large
2213,64,64,roberta-large
2214,64,64,roberta-large
2215,64,19,roberta-large
2216,64,64,roberta-large
2217,64,64,roberta-large
2218,64,56,roberta-large
2219,64,64,roberta-large
2220,64,64,roberta-large
2221,64,34,roberta-large
2222,64,64,roberta-large
2223,64,64,roberta-large
2224,64,64,roberta-large
2225,64,64,roberta-large
2226,64,64,roberta-large
2227,64,64,roberta-large
2228,64,64,roberta-large
2229,64,64,roberta-large
2230,64,64,roberta-large
2231,64,64,roberta-large
2232,64,64,roberta-large
2233,64,19,roberta-large
2234,64,64,roberta-large
2235,64,19,roberta-large
2236,64,63,roberta-large
2237,64,64,roberta-large
2238,64,64,roberta-large
2239,64,56,roberta-large
2240,50,50,roberta-large
2241,50,50,roberta-large
2242,50,50,roberta-large
2243,50,50,roberta-large
2244,50,50,roberta-large
2245,50,50,roberta-large
2246,50,50,roberta-large
2247,50,50,roberta-large
2248,50,50,roberta-large
2249,50,50,roberta-large
2250,50,50,roberta-large
2251,50,50,roberta-large
2252,50,36,roberta-large
2253,50,50,roberta-large
2254,50,50,roberta-large
2255,50,65,roberta-large
2256,50,50,roberta-large
2257,50,50,roberta-large
2258,50,50,roberta-large
2259,50,50,roberta-large
2260,50,50,roberta-large
2261,50,50,roberta-large
2262,50,36,roberta-large
2263,50,50,roberta-large
2264,50,50,roberta-large
2265,50,50,roberta-large
2266,50,50,roberta-large
2267,50,50,roberta-large
2268,50,50,roberta-large
2269,50,43,roberta-large
2270,50,50,roberta-large
2271,50,50,roberta-large
2272,50,50,roberta-large
2273,50,50,roberta-large
2274,50,50,roberta-large
2275,50,50,roberta-large
2276,50,50,roberta-large
2277,50,50,roberta-large
2278,50,50,roberta-large
2279,50,50,roberta-large
2280,35,35,roberta-large
2281,35,35,roberta-large
2282,35,25,roberta-large
2283,35,35,roberta-large
2284,35,27,roberta-large
2285,35,25,roberta-large
2286,35,35,roberta-large
2287,35,35,roberta-large
2288,35,35,roberta-large
2289,35,25,roberta-large
2290,35,59,roberta-large
2291,35,35,roberta-large
2292,35,53,roberta-large
2293,35,35,roberta-large
2294,35,27,roberta-large
2295,35,67,roberta-large
2296,35,25,roberta-large
2297,35,35,roberta-large
2298,35,35,roberta-large
2299,35,27,roberta-large
2300,35,57,roberta-large
2301,35,35,roberta-large
2302,35,35,roberta-large
2303,35,35,roberta-large
2304,35,14,roberta-large
2305,35,65,roberta-large
2306,35,35,roberta-large
2307,35,35,roberta-large
2308,35,35,roberta-large
2309,35,25,roberta-large
2310,35,35,roberta-large
2311,35,14,roberta-large
2312,35,35,roberta-large
2313,35,43,roberta-large
2314,35,35,roberta-large
2315,35,35,roberta-large
2316,35,35,roberta-large
2317,35,35,roberta-large
2318,35,25,roberta-large
2319,35,53,roberta-large
2320,65,65,roberta-large
2321,65,65,roberta-large
2322,65,65,roberta-large
2323,65,63,roberta-large
2324,65,48,roberta-large
2325,65,65,roberta-large
2326,65,62,roberta-large
2327,65,65,roberta-large
2328,65,54,roberta-large
2329,65,65,roberta-large
2330,65,65,roberta-large
2331,65,65,roberta-large
2332,65,65,roberta-large
2333,65,65,roberta-large
2334,65,65,roberta-large
2335,65,65,roberta-large
2336,65,65,roberta-large
2337,65,65,roberta-large
2338,65,62,roberta-large
2339,65,65,roberta-large
2340,65,65,roberta-large
2341,65,58,roberta-large
2342,65,43,roberta-large
2343,65,65,roberta-large
2344,65,65,roberta-large
2345,65,65,roberta-large
2346,65,65,roberta-large
2347,65,65,roberta-large
2348,65,8,roberta-large
2349,65,65,roberta-large
2350,65,65,roberta-large
2351,65,48,roberta-large
2352,65,7,roberta-large
2353,65,54,roberta-large
2354,65,75,roberta-large
2355,65,65,roberta-large
2356,65,65,roberta-large
2357,65,65,roberta-large
2358,65,65,roberta-large
2359,65,65,roberta-large
2360,71,71,roberta-large
2361,71,71,roberta-large
2362,71,71,roberta-large
2363,71,71,roberta-large
2364,71,37,roberta-large
2365,71,71,roberta-large
2366,71,71,roberta-large
2367,71,71,roberta-large
2368,71,71,roberta-large
2369,71,71,roberta-large
2370,71,71,roberta-large
2371,71,71,roberta-large
2372,71,4,roberta-large
2373,71,59,roberta-large
2374,71,71,roberta-large
2375,71,71,roberta-large
2376,71,71,roberta-large
2377,71,71,roberta-large
2378,71,71,roberta-large
2379,71,71,roberta-large
2380,71,71,roberta-large
2381,71,71,roberta-large
2382,71,71,roberta-large
2383,71,71,roberta-large
2384,71,71,roberta-large
2385,71,71,roberta-large
2386,71,71,roberta-large
2387,71,71,roberta-large
2388,71,71,roberta-large
2389,71,71,roberta-large
2390,71,71,roberta-large
2391,71,71,roberta-large
2392,71,71,roberta-large
2393,71,71,roberta-large
2394,71,71,roberta-large
2395,71,71,roberta-large
2396,71,71,roberta-large
2397,71,71,roberta-large
2398,71,57,roberta-large
2399,71,71,roberta-large
2400,39,39,roberta-large
2401,39,39,roberta-large
2402,39,39,roberta-large
2403,39,39,roberta-large
2404,39,43,roberta-large
2405,39,39,roberta-large
2406,39,39,roberta-large
2407,39,39,roberta-large
2408,39,40,roberta-large
2409,39,39,roberta-large
2410,39,57,roberta-large
2411,39,43,roberta-large
2412,39,43,roberta-large
2413,39,39,roberta-large
2414,39,39,roberta-large
2415,39,43,roberta-large
2416,39,39,roberta-large
2417,39,39,roberta-large
2418,39,39,roberta-large
2419,39,39,roberta-large
2420,39,39,roberta-large
2421,39,39,roberta-large
2422,39,39,roberta-large
2423,39,73,roberta-large
2424,39,39,roberta-large
2425,39,39,roberta-large
2426,39,37,roberta-large
2427,39,39,roberta-large
2428,39,39,roberta-large
2429,39,43,roberta-large
2430,39,39,roberta-large
2431,39,39,roberta-large
2432,39,39,roberta-large
2433,39,39,roberta-large
2434,39,57,roberta-large
2435,39,39,roberta-large
2436,39,39,roberta-large
2437,39,39,roberta-large
2438,39,39,roberta-large
2439,39,39,roberta-large
2440,58,58,roberta-large
2441,58,58,roberta-large
2442,58,58,roberta-large
2443,58,58,roberta-large
2444,58,58,roberta-large
2445,58,58,roberta-large
2446,58,58,roberta-large
2447,58,14,roberta-large
2448,58,65,roberta-large
2449,58,58,roberta-large
2450,58,58,roberta-large
2451,58,65,roberta-large
2452,58,58,roberta-large
2453,58,54,roberta-large
2454,58,58,roberta-large
2455,58,58,roberta-large
2456,58,58,roberta-large
2457,58,58,roberta-large
2458,58,58,roberta-large
2459,58,58,roberta-large
2460,58,4,roberta-large
2461,58,58,roberta-large
2462,58,65,roberta-large
2463,58,58,roberta-large
2464,58,58,roberta-large
2465,58,58,roberta-large
2466,58,65,roberta-large
2467,58,58,roberta-large
2468,58,26,roberta-large
2469,58,54,roberta-large
2470,58,65,roberta-large
2471,58,58,roberta-large
2472,58,58,roberta-large
2473,58,58,roberta-large
2474,58,58,roberta-large
2475,58,58,roberta-large
2476,58,58,roberta-large
2477,58,71,roberta-large
2478,58,58,roberta-large
2479,58,58,roberta-large
2480,43,37,roberta-large
2481,43,64,roberta-large
2482,43,31,roberta-large
2483,43,38,roberta-large
2484,43,43,roberta-large
2485,43,43,roberta-large
2486,43,43,roberta-large
2487,43,43,roberta-large
2488,43,43,roberta-large
2489,43,43,roberta-large
2490,43,43,roberta-large
2491,43,43,roberta-large
2492,43,43,roberta-large
2493,43,0,roberta-large
2494,43,43,roberta-large
2495,43,43,roberta-large
2496,43,43,roberta-large
2497,43,40,roberta-large
2498,43,43,roberta-large
2499,43,43,roberta-large
2500,43,15,roberta-large
2501,43,43,roberta-large
2502,43,9,roberta-large
2503,43,37,roberta-large
2504,43,43,roberta-large
2505,43,43,roberta-large
2506,43,10,roberta-large
2507,43,43,roberta-large
2508,43,43,roberta-large
2509,43,43,roberta-large
2510,43,43,roberta-large
2511,43,43,roberta-large
2512,43,43,roberta-large
2513,43,43,roberta-large
2514,43,43,roberta-large
2515,43,43,roberta-large
2516,43,43,roberta-large
2517,43,57,roberta-large
2518,43,43,roberta-large
2519,43,43,roberta-large
2520,72,72,roberta-large
2521,72,72,roberta-large
2522,72,72,roberta-large
2523,72,14,roberta-large
2524,72,72,roberta-large
2525,72,72,roberta-large
2526,72,14,roberta-large
2527,72,72,roberta-large
2528,72,14,roberta-large
2529,72,72,roberta-large
2530,72,72,roberta-large
2531,72,72,roberta-large
2532,72,25,roberta-large
2533,72,72,roberta-large
2534,72,72,roberta-large
2535,72,72,roberta-large
2536,72,72,roberta-large
2537,72,25,roberta-large
2538,72,27,roberta-large
2539,72,14,roberta-large
2540,72,72,roberta-large
2541,72,72,roberta-large
2542,72,37,roberta-large
2543,72,72,roberta-large
2544,72,14,roberta-large
2545,72,72,roberta-large
2546,72,28,roberta-large
2547,72,72,roberta-large
2548,72,72,roberta-large
2549,72,14,roberta-large
2550,72,14,roberta-large
2551,72,72,roberta-large
2552,72,23,roberta-large
2553,72,72,roberta-large
2554,72,72,roberta-large
2555,72,72,roberta-large
2556,72,72,roberta-large
2557,72,72,roberta-large
2558,72,40,roberta-large
2559,72,14,roberta-large
2560,76,76,roberta-large
2561,76,76,roberta-large
2562,76,76,roberta-large
2563,76,76,roberta-large
2564,76,17,roberta-large
2565,76,76,roberta-large
2566,76,76,roberta-large
2567,76,76,roberta-large
2568,76,76,roberta-large
2569,76,76,roberta-large
2570,76,76,roberta-large
2571,76,31,roberta-large
2572,76,76,roberta-large
2573,76,17,roberta-large
2574,76,76,roberta-large
2575,76,76,roberta-large
2576,76,76,roberta-large
2577,76,76,roberta-large
2578,76,76,roberta-large
2579,76,76,roberta-large
2580,76,76,roberta-large
2581,76,17,roberta-large
2582,76,76,roberta-large
2583,76,76,roberta-large
2584,76,76,roberta-large
2585,76,76,roberta-large
2586,76,76,roberta-large
2587,76,76,roberta-large
2588,76,17,roberta-large
2589,76,76,roberta-large
2590,76,76,roberta-large
2591,76,17,roberta-large
2592,76,76,roberta-large
2593,76,76,roberta-large
2594,76,76,roberta-large
2595,76,17,roberta-large
2596,76,76,roberta-large
2597,76,76,roberta-large
2598,76,76,roberta-large
2599,76,76,roberta-large
2600,37,37,roberta-large
2601,37,37,roberta-large
2602,37,37,roberta-large
2603,37,40,roberta-large
2604,37,37,roberta-large
2605,37,37,roberta-large
2606,37,43,roberta-large
2607,37,37,roberta-large
2608,37,37,roberta-large
2609,37,37,roberta-large
2610,37,37,roberta-large
2611,37,37,roberta-large
2612,37,37,roberta-large
2613,37,37,roberta-large
2614,37,37,roberta-large
2615,37,37,roberta-large
2616,37,37,roberta-large
2617,37,38,roberta-large
2618,37,37,roberta-large
2619,37,37,roberta-large
2620,37,37,roberta-large
2621,37,37,roberta-large
2622,37,37,roberta-large
2623,37,0,roberta-large
2624,37,37,roberta-large
2625,37,37,roberta-large
2626,37,37,roberta-large
2627,37,37,roberta-large
2628,37,37,roberta-large
2629,37,37,roberta-large
2630,37,37,roberta-large
2631,37,37,roberta-large
2632,37,37,roberta-large
2633,37,37,roberta-large
2634,37,37,roberta-large
2635,37,37,roberta-large
2636,37,37,roberta-large
2637,37,29,roberta-large
2638,37,37,roberta-large
2639,37,43,roberta-large
2640,59,59,roberta-large
2641,59,59,roberta-large
2642,59,59,roberta-large
2643,59,59,roberta-large
2644,59,59,roberta-large
2645,59,21,roberta-large
2646,59,59,roberta-large
2647,59,59,roberta-large
2648,59,59,roberta-large
2649,59,59,roberta-large
2650,59,47,roberta-large
2651,59,59,roberta-large
2652,59,59,roberta-large
2653,59,59,roberta-large
2654,59,59,roberta-large
2655,59,61,roberta-large
2656,59,61,roberta-large
2657,59,25,roberta-large
2658,59,59,roberta-large
2659,59,59,roberta-large
2660,59,59,roberta-large
2661,59,59,roberta-large
2662,59,61,roberta-large
2663,59,61,roberta-large
2664,59,61,roberta-large
2665,59,59,roberta-large
2666,59,59,roberta-large
2667,59,59,roberta-large
2668,59,59,roberta-large
2669,59,59,roberta-large
2670,59,2,roberta-large
2671,59,69,roberta-large
2672,59,26,roberta-large
2673,59,59,roberta-large
2674,59,59,roberta-large
2675,59,59,roberta-large
2676,59,59,roberta-large
2677,59,61,roberta-large
2678,59,59,roberta-large
2679,59,61,roberta-large
2680,5,5,roberta-large
2681,5,5,roberta-large
2682,5,67,roberta-large
2683,5,5,roberta-large
2684,5,5,roberta-large
2685,5,67,roberta-large
2686,5,5,roberta-large
2687,5,5,roberta-large
2688,5,75,roberta-large
2689,5,5,roberta-large
2690,5,5,roberta-large
2691,5,67,roberta-large
2692,5,5,roberta-large
2693,5,11,roberta-large
2694,5,35,roberta-large
2695,5,5,roberta-large
2696,5,5,roberta-large
2697,5,5,roberta-large
2698,5,51,roberta-large
2699,5,5,roberta-large
2700,5,6,roberta-large
2701,5,66,roberta-large
2702,5,64,roberta-large
2703,5,35,roberta-large
2704,5,5,roberta-large
2705,5,20,roberta-large
2706,5,5,roberta-large
2707,5,6,roberta-large
2708,5,48,roberta-large
2709,5,20,roberta-large
2710,5,5,roberta-large
2711,5,48,roberta-large
2712,5,5,roberta-large
2713,5,11,roberta-large
2714,5,5,roberta-large
2715,5,51,roberta-large
2716,5,5,roberta-large
2717,5,5,roberta-large
2718,5,6,roberta-large
2719,5,67,roberta-large
2720,20,18,roberta-large
2721,20,16,roberta-large
2722,20,20,roberta-large
2723,20,20,roberta-large
2724,20,20,roberta-large
2725,20,20,roberta-large
2726,20,28,roberta-large
2727,20,20,roberta-large
2728,20,20,roberta-large
2729,20,20,roberta-large
2730,20,20,roberta-large
2731,20,20,roberta-large
2732,20,20,roberta-large
2733,20,20,roberta-large
2734,20,20,roberta-large
2735,20,20,roberta-large
2736,20,20,roberta-large
2737,20,16,roberta-large
2738,20,74,roberta-large
2739,20,20,roberta-large
2740,20,16,roberta-large
2741,20,20,roberta-large
2742,20,20,roberta-large
2743,20,20,roberta-large
2744,20,5,roberta-large
2745,20,20,roberta-large
2746,20,20,roberta-large
2747,20,20,roberta-large
2748,20,20,roberta-large
2749,20,46,roberta-large
2750,20,20,roberta-large
2751,20,42,roberta-large
2752,20,20,roberta-large
2753,20,20,roberta-large
2754,20,20,roberta-large
2755,20,20,roberta-large
2756,20,20,roberta-large
2757,20,16,roberta-large
2758,20,20,roberta-large
2759,20,20,roberta-large
2760,31,32,roberta-large
2761,31,76,roberta-large
2762,31,31,roberta-large
2763,31,32,roberta-large
2764,31,31,roberta-large
2765,31,76,roberta-large
2766,31,31,roberta-large
2767,31,31,roberta-large
2768,31,31,roberta-large
2769,31,65,roberta-large
2770,31,31,roberta-large
2771,31,31,roberta-large
2772,31,31,roberta-large
2773,31,31,roberta-large
2774,31,31,roberta-large
2775,31,31,roberta-large
2776,31,31,roberta-large
2777,31,31,roberta-large
2778,31,31,roberta-large
2779,31,31,roberta-large
2780,31,31,roberta-large
2781,31,31,roberta-large
2782,31,31,roberta-large
2783,31,31,roberta-large
2784,31,33,roberta-large
2785,31,57,roberta-large
2786,31,31,roberta-large
2787,31,31,roberta-large
2788,31,31,roberta-large
2789,31,31,roberta-large
2790,31,31,roberta-large
2791,31,31,roberta-large
2792,31,31,roberta-large
2793,31,31,roberta-large
2794,31,31,roberta-large
2795,31,31,roberta-large
2796,31,33,roberta-large
2797,31,31,roberta-large
2798,31,76,roberta-large
2799,31,31,roberta-large
2800,57,57,roberta-large
2801,57,57,roberta-large
2802,57,54,roberta-large
2803,57,57,roberta-large
2804,57,56,roberta-large
2805,57,57,roberta-large
2806,57,57,roberta-large
2807,57,57,roberta-large
2808,57,57,roberta-large
2809,57,57,roberta-large
2810,57,57,roberta-large
2811,57,57,roberta-large
2812,57,57,roberta-large
2813,57,57,roberta-large
2814,57,57,roberta-large
2815,57,57,roberta-large
2816,57,57,roberta-large
2817,57,57,roberta-large
2818,57,57,roberta-large
2819,57,57,roberta-large
2820,57,57,roberta-large
2821,57,57,roberta-large
2822,57,57,roberta-large
2823,57,31,roberta-large
2824,57,57,roberta-large
2825,57,57,roberta-large
2826,57,57,roberta-large
2827,57,57,roberta-large
2828,57,57,roberta-large
2829,57,57,roberta-large
2830,57,57,roberta-large
2831,57,57,roberta-large
2832,57,57,roberta-large
2833,57,57,roberta-large
2834,57,57,roberta-large
2835,57,65,roberta-large
2836,57,57,roberta-large
2837,57,57,roberta-large
2838,57,57,roberta-large
2839,57,57,roberta-large
2840,0,55,roberta-large
2841,0,0,roberta-large
2842,0,0,roberta-large
2843,0,40,roberta-large
2844,0,0,roberta-large
2845,0,0,roberta-large
2846,0,0,roberta-large
2847,0,0,roberta-large
2848,0,73,roberta-large
2849,0,0,roberta-large
2850,0,14,roberta-large
2851,0,71,roberta-large
2852,0,71,roberta-large
2853,0,0,roberta-large
2854,0,0,roberta-large
2855,0,0,roberta-large
2856,0,38,roberta-large
2857,0,0,roberta-large
2858,0,0,roberta-large
2859,0,0,roberta-large
2860,0,0,roberta-large
2861,0,0,roberta-large
2862,0,0,roberta-large
2863,0,43,roberta-large
2864,0,0,roberta-large
2865,0,6,roberta-large
2866,0,0,roberta-large
2867,0,0,roberta-large
2868,0,40,roberta-large
2869,0,0,roberta-large
2870,0,0,roberta-large
2871,0,0,roberta-large
2872,0,13,roberta-large
2873,0,61,roberta-large
2874,0,0,roberta-large
2875,0,41,roberta-large
2876,0,13,roberta-large
2877,0,38,roberta-large
2878,0,0,roberta-large
2879,0,0,roberta-large
2880,19,19,roberta-large
2881,19,19,roberta-large
2882,19,19,roberta-large
2883,19,19,roberta-large
2884,19,19,roberta-large
2885,19,19,roberta-large
2886,19,19,roberta-large
2887,19,19,roberta-large
2888,19,19,roberta-large
2889,19,19,roberta-large
2890,19,19,roberta-large
2891,19,19,roberta-large
2892,19,19,roberta-large
2893,19,28,roberta-large
2894,19,19,roberta-large
2895,19,19,roberta-large
2896,19,19,roberta-large
2897,19,19,roberta-large
2898,19,19,roberta-large
2899,19,53,roberta-large
2900,19,15,roberta-large
2901,19,34,roberta-large
2902,19,19,roberta-large
2903,19,15,roberta-large
2904,19,19,roberta-large
2905,19,34,roberta-large
2906,19,19,roberta-large
2907,19,64,roberta-large
2908,19,56,roberta-large
2909,19,19,roberta-large
2910,19,19,roberta-large
2911,19,15,roberta-large
2912,19,19,roberta-large
2913,19,19,roberta-large
2914,19,19,roberta-large
2915,19,19,roberta-large
2916,19,19,roberta-large
2917,19,19,roberta-large
2918,19,6,roberta-large
2919,19,19,roberta-large
2920,9,9,roberta-large
2921,9,9,roberta-large
2922,9,9,roberta-large
2923,9,9,roberta-large
2924,9,9,roberta-large
2925,9,9,roberta-large
2926,9,9,roberta-large
2927,9,39,roberta-large
2928,9,9,roberta-large
2929,9,9,roberta-large
2930,9,9,roberta-large
2931,9,9,roberta-large
2932,9,9,roberta-large
2933,9,9,roberta-large
2934,9,9,roberta-large
2935,9,9,roberta-large
2936,9,9,roberta-large
2937,9,9,roberta-large
2938,9,9,roberta-large
2939,9,40,roberta-large
2940,9,9,roberta-large
2941,9,9,roberta-large
2942,9,9,roberta-large
2943,9,9,roberta-large
2944,9,9,roberta-large
2945,9,9,roberta-large
2946,9,9,roberta-large
2947,9,9,roberta-large
2948,9,9,roberta-large
2949,9,9,roberta-large
2950,9,9,roberta-large
2951,9,9,roberta-large
2952,9,9,roberta-large
2953,9,9,roberta-large
2954,9,9,roberta-large
2955,9,9,roberta-large
2956,9,9,roberta-large
2957,9,9,roberta-large
2958,9,9,roberta-large
2959,9,9,roberta-large
2960,2,2,roberta-large
2961,2,2,roberta-large
2962,2,2,roberta-large
2963,2,2,roberta-large
2964,2,2,roberta-large
2965,2,2,roberta-large
2966,2,2,roberta-large
2967,2,2,roberta-large
2968,2,43,roberta-large
2969,2,2,roberta-large
2970,2,2,roberta-large
2971,2,2,roberta-large
2972,2,27,roberta-large
2973,2,62,roberta-large
2974,2,2,roberta-large
2975,2,2,roberta-large
2976,2,2,roberta-large
2977,2,58,roberta-large
2978,2,2,roberta-large
2979,2,2,roberta-large
2980,2,2,roberta-large
2981,2,58,roberta-large
2982,2,2,roberta-large
2983,2,2,roberta-large
2984,2,35,roberta-large
2985,2,2,roberta-large
2986,2,2,roberta-large
2987,2,2,roberta-large
2988,2,2,roberta-large
2989,2,2,roberta-large
2990,2,2,roberta-large
2991,2,2,roberta-large
2992,2,2,roberta-large
2993,2,2,roberta-large
2994,2,2,roberta-large
2995,2,23,roberta-large
2996,2,2,roberta-large
2997,2,2,roberta-large
2998,2,13,roberta-large
2999,2,13,roberta-large
3000,69,69,roberta-large
3001,69,69,roberta-large
3002,69,69,roberta-large
3003,69,71,roberta-large
3004,69,69,roberta-large
3005,69,69,roberta-large
3006,69,69,roberta-large
3007,69,69,roberta-large
3008,69,69,roberta-large
3009,69,69,roberta-large
3010,69,69,roberta-large
3011,69,69,roberta-large
3012,69,74,roberta-large
3013,69,68,roberta-large
3014,69,43,roberta-large
3015,69,50,roberta-large
3016,69,69,roberta-large
3017,69,69,roberta-large
3018,69,69,roberta-large
3019,69,69,roberta-large
3020,69,69,roberta-large
3021,69,69,roberta-large
3022,69,69,roberta-large
3023,69,69,roberta-large
3024,69,30,roberta-large
3025,69,69,roberta-large
3026,69,69,roberta-large
3027,69,69,roberta-large
3028,69,69,roberta-large
3029,69,69,roberta-large
3030,69,69,roberta-large
3031,69,69,roberta-large
3032,69,69,roberta-large
3033,69,69,roberta-large
3034,69,69,roberta-large
3035,69,41,roberta-large
3036,69,69,roberta-large
3037,69,69,roberta-large
3038,69,69,roberta-large
3039,69,69,roberta-large
3040,24,24,roberta-large
3041,24,24,roberta-large
3042,24,24,roberta-large
3043,24,24,roberta-large
3044,24,24,roberta-large
3045,24,24,roberta-large
3046,24,24,roberta-large
3047,24,24,roberta-large
3048,24,24,roberta-large
3049,24,43,roberta-large
3050,24,24,roberta-large
3051,24,43,roberta-large
3052,24,24,roberta-large
3053,24,24,roberta-large
3054,24,24,roberta-large
3055,24,24,roberta-large
3056,24,24,roberta-large
3057,24,24,roberta-large
3058,24,32,roberta-large
3059,24,24,roberta-large
3060,24,24,roberta-large
3061,24,24,roberta-large
3062,24,24,roberta-large
3063,24,24,roberta-large
3064,24,24,roberta-large
3065,24,24,roberta-large
3066,24,24,roberta-large
3067,24,24,roberta-large
3068,24,24,roberta-large
3069,24,24,roberta-large
3070,24,24,roberta-large
3071,24,24,roberta-large
3072,24,24,roberta-large
3073,24,24,roberta-large
3074,24,24,roberta-large
3075,24,24,roberta-large
3076,24,24,roberta-large
3077,24,24,roberta-large
3078,24,24,roberta-large
3079,24,24,roberta-large
